"id","create_date","update_date","value","pointWalletId","redeemId","type","registerSaleId","manualPointId","manualSaleId","storeId","programId","createdByUserId","createdByUserName","campaignId","codLancamentoPonto","originCustomerId","pointOrigin","deletedAt"
"2ab0d07f-c2d6-4d41-a37d-522dceaa0686",2024-02-25 05:01:06.453,2024-02-25 05:01:06.453,250.2130,"631c704c-70ec-4f94-8f96-900ce048a53d","8d036a97-1e6f-485c-bd89-78995e8bee5a",subtraction,,,,"61ad14ea-1a5e-4135-84fd-e93b4d45bc50","63b4972a-67b2-482d-8d3e-d2d746f6a7c0",,,,,"5a4d5616-5022-4851-abc1-6aa808e15770",redeem,
"8e32df10-640b-44a7-a245-64ae27755f9f",2024-02-25 05:01:06.453,2024-02-25 05:01:06.453,19.7870,a4fca9a0-1a20-4f90-a768-d1ad7f83c6cf,"8d036a97-1e6f-485c-bd89-78995e8bee5a",subtraction,,,,"61ad14ea-1a5e-4135-84fd-e93b4d45bc50","63b4972a-67b2-482d-8d3e-d2d746f6a7c0",,,,,"5a4d5616-5022-4851-abc1-6aa808e15770",redeem,
"69b32797-7768-4d2e-965f-fbcfcc7b0ffc",2024-02-24 23:24:58.735,2024-02-24 23:24:58.735,60.0000,"631c704c-70ec-4f94-8f96-900ce048a53d","766a1711-a75c-4300-b837-3e2221f1217d",subtraction,,,,"61ad14ea-1a5e-4135-84fd-e93b4d45bc50","63b4972a-67b2-482d-8d3e-d2d746f6a7c0",,,,,"5a4d5616-5022-4851-abc1-6aa808e15770",redeem,
e2222f94-568d-4c89-9c8d-43c3ef16c45a,2024-02-26 02:28:42.299,2024-02-26 02:28:42.299,210.0000,a4fca9a0-1a20-4f90-a768-d1ad7f83c6cf,"7e033295-0333-4249-8bd4-7039714e4985",subtraction,,,,"61ad14ea-1a5e-4135-84fd-e93b4d45bc50","63b4972a-67b2-482d-8d3e-d2d746f6a7c0",,,,,"5a4d5616-5022-4851-abc1-6aa808e15770",redeem,
"164782b0-e22b-4088-ab06-38e2b9abfc3a",2024-02-27 21:00:03.265,2024-02-27 21:00:03.265,59.4860,"631c704c-70ec-4f94-8f96-900ce048a53d","5baa3650-65eb-4cd2-89c9-1ded80f355c1",addition,,,,,,,,,,,redeem_refund,
"3ab5198c-2f62-440d-8cd8-defcf8bfa415",2024-02-27 21:00:03.265,2024-02-27 21:00:03.265,0.5140,eb753072-f2fb-4f5c-98a1-87d9e45bc88b,"5baa3650-65eb-4cd2-89c9-1ded80f355c1",addition,,,,,,,,,,,redeem_refund,
d036bc2e-17d9-491c-8f89-be937cfeb050,2024-02-10 21:15:00.356,2024-02-10 21:15:00.356,60.0000,eb753072-f2fb-4f5c-98a1-87d9e45bc88b,"14fc222c-4b60-4a16-a6cc-6d68813c8fca",addition,,,,,,,,,,,redeem_refund,
f05fccc2-6c97-48ae-a586-ff060cca4812,2024-02-10 21:15:00.357,2024-02-10 21:15:00.357,23.3340,eb753072-f2fb-4f5c-98a1-87d9e45bc88b,"0fba51a8-6b4e-48da-b262-b2a02644fdb2",addition,,,,,,,,,,,redeem_refund,
"4c5632c1-f6d2-48cd-8a64-a9a1b764ed9c",2024-02-10 21:15:00.357,2024-02-10 21:15:00.357,36.6660,"621ca0bd-2aa1-4022-b4dc-bcf65633d6cb","0fba51a8-6b4e-48da-b262-b2a02644fdb2",addition,,,,,,,,,,,redeem_refund,
bae64888-a3d7-4778-b3f0-71b056994092,2024-02-10 21:15:00.356,2024-02-10 21:15:00.356,60.0000,eb753072-f2fb-4f5c-98a1-87d9e45bc88b,"97fcc3cc-ee62-4ef2-bc07-8ef9ee64689f",addition,,,,,,,,,,,redeem_refund,
d4ab5220-71d7-4388-8a35-2e703e2139d9,2024-02-10 21:15:00.421,2024-02-10 21:15:00.421,149.4860,"631c704c-70ec-4f94-8f96-900ce048a53d","27162e91-644e-4810-b794-09e72b5ec76f",addition,,,,,,,,,,,redeem_refund,
"69346c95-5ef1-41dc-8e79-190aee51f481",2024-02-10 21:15:00.421,2024-02-10 21:15:00.421,0.5140,eb753072-f2fb-4f5c-98a1-87d9e45bc88b,"27162e91-644e-4810-b794-09e72b5ec76f",addition,,,,,,,,,,,redeem_refund,
"05f3ceb3-55c3-4f3a-a2a2-049bcb93603c",2024-03-04 05:22:44.601,2024-03-04 05:22:44.601,0.5140,eb753072-f2fb-4f5c-98a1-87d9e45bc88b,"019fbcc7-36a8-418b-9ef0-f939354f1743",subtraction,,,,"61ad14ea-1a5e-4135-84fd-e93b4d45bc50","63b4972a-67b2-482d-8d3e-d2d746f6a7c0",,,,,"5a4d5616-5022-4851-abc1-6aa808e15770",redeem,
"1e7201bb-f4cb-4549-810a-48e75207b77c",2024-03-04 05:22:44.601,2024-03-04 05:22:44.601,59.4860,"631c704c-70ec-4f94-8f96-900ce048a53d","019fbcc7-36a8-418b-9ef0-f939354f1743",subtraction,,,,"61ad14ea-1a5e-4135-84fd-e93b4d45bc50","63b4972a-67b2-482d-8d3e-d2d746f6a7c0",,,,,"5a4d5616-5022-4851-abc1-6aa808e15770",redeem,
"3591e5ec-8a5a-4a21-8044-43d57b86c70d",2024-03-05 04:25:12.916,2024-03-05 04:25:12.916,60.0000,a4fca9a0-1a20-4f90-a768-d1ad7f83c6cf,"2058d563-e863-4aa6-ab31-906a47c44f1c",subtraction,,,,"61ad14ea-1a5e-4135-84fd-e93b4d45bc50","63b4972a-67b2-482d-8d3e-d2d746f6a7c0",,,,,"5a4d5616-5022-4851-abc1-6aa808e15770",redeem,
e239ac5f-343f-43f9-a5ae-0672c89b8069,2024-03-10 04:39:48.846,2024-03-10 04:39:48.846,56.9690,a4fca9a0-1a20-4f90-a768-d1ad7f83c6cf,d559520f-c053-4fac-aa31-7c21b6b6b9e5,subtraction,,,,"61ad14ea-1a5e-4135-84fd-e93b4d45bc50","63b4972a-67b2-482d-8d3e-d2d746f6a7c0",,,,,"5a4d5616-5022-4851-abc1-6aa808e15770",redeem,
"45dd5f2b-1590-42cf-863d-1bffb77eb170",2024-03-10 04:39:48.846,2024-03-10 04:39:48.846,63.0310,a31f4e66-88b3-462e-9fe2-f7f9db0f894f,d559520f-c053-4fac-aa31-7c21b6b6b9e5,subtraction,,,,"61ad14ea-1a5e-4135-84fd-e93b4d45bc50","63b4972a-67b2-482d-8d3e-d2d746f6a7c0",,,,,"5a4d5616-5022-4851-abc1-6aa808e15770",redeem,
eddbe2be-0bc9-4dc8-a854-f120df1781bc,2024-03-16 03:07:40.840,2024-03-16 03:07:40.840,330.0000,a31f4e66-88b3-462e-9fe2-f7f9db0f894f,"94f91d55-1986-4e89-9a52-2c2181b1dbd0",subtraction,,,,"61ad14ea-1a5e-4135-84fd-e93b4d45bc50","63b4972a-67b2-482d-8d3e-d2d746f6a7c0",,,,,"5a4d5616-5022-4851-abc1-6aa808e15770",redeem,
"9d28d8cd-dad2-4fc9-9559-c5b36f63af07",2024-03-18 02:05:04.131,2024-03-18 02:05:04.131,11.9820,a31f4e66-88b3-462e-9fe2-f7f9db0f894f,f0f5b9f5-4462-411a-bbdc-287712660ff5,subtraction,,,,"61ad14ea-1a5e-4135-84fd-e93b4d45bc50","63b4972a-67b2-482d-8d3e-d2d746f6a7c0",,,,,"5a4d5616-5022-4851-abc1-6aa808e15770",redeem,
"525fbee3-7874-4753-b320-24856d4b7448",2024-03-18 02:05:04.131,2024-03-18 02:05:04.131,198.0180,"9c0ac455-0a8a-4f3c-a44e-3c30611ec33d",f0f5b9f5-4462-411a-bbdc-287712660ff5,subtraction,,,,"61ad14ea-1a5e-4135-84fd-e93b4d45bc50","63b4972a-67b2-482d-8d3e-d2d746f6a7c0",,,,,"5a4d5616-5022-4851-abc1-6aa808e15770",redeem,
"7edd62ca-7c36-404b-93e7-9ef627f9ac13",2024-04-21 04:15:42.675,2024-04-21 04:15:42.675,150.0000,"9c0ac455-0a8a-4f3c-a44e-3c30611ec33d","94390a09-043a-40d1-9329-6921da060542",subtraction,,,,"61ad14ea-1a5e-4135-84fd-e93b4d45bc50","63b4972a-67b2-482d-8d3e-d2d746f6a7c0",,,,,"5a4d5616-5022-4851-abc1-6aa808e15770",redeem,
c3dc1417-3230-4e60-8907-11e98c9fdbc0,2024-08-14 21:00:05.263,2024-08-14 21:00:05.263,50.2700,a880d5a8-a624-440a-8e3b-f6b2d1ec145e,d930fdbe-8fe1-46e5-9a9e-cd72319604f0,addition,,,,,,,,,,,redeem_refund,
"140c8963-9b03-4dae-a611-4c45c839122e",2024-08-14 21:00:05.263,2024-08-14 21:00:05.263,99.7300,"57486916-cc18-460e-88c3-3a05713ae742",d930fdbe-8fe1-46e5-9a9e-cd72319604f0,addition,,,,,,,,,,,redeem_refund,
"35356d11-2ca3-4b22-9450-a2b60987fea3",2024-08-14 21:00:04.371,2024-08-14 21:00:04.371,50.2700,a880d5a8-a624-440a-8e3b-f6b2d1ec145e,d930fdbe-8fe1-46e5-9a9e-cd72319604f0,addition,,,,,,,,,,,redeem_refund,
fc7e88e2-2d01-4046-83b4-9a8c0ab5138d,2024-08-14 21:00:04.371,2024-08-14 21:00:04.371,99.7300,"57486916-cc18-460e-88c3-3a05713ae742",d930fdbe-8fe1-46e5-9a9e-cd72319604f0,addition,,,,,,,,,,,redeem_refund,
"561bc058-aa4d-42f4-a653-e5753bc73406",2024-08-14 21:00:04.515,2024-08-14 21:00:04.515,60.0000,"57486916-cc18-460e-88c3-3a05713ae742",f5bc8194-e50e-4200-87a4-81889e947c1c,addition,,,,,,,,,,,redeem_refund,
"4bbe3351-4706-4b5e-bb4a-99902cd52089",2024-08-14 21:00:04.176,2024-08-14 21:00:04.176,60.0000,"57486916-cc18-460e-88c3-3a05713ae742",f5bc8194-e50e-4200-87a4-81889e947c1c,addition,,,,,,,,,,,redeem_refund,
f49b28ec-a688-40cd-a1c7-8b61e97dcbf9,2024-08-14 21:00:04.732,2024-08-14 21:00:04.732,50.2700,a880d5a8-a624-440a-8e3b-f6b2d1ec145e,d930fdbe-8fe1-46e5-9a9e-cd72319604f0,addition,,,,,,,,,,,redeem_refund,
f5ef276f-2fe1-452a-8a96-90d5f113a94b,2024-08-14 21:00:04.732,2024-08-14 21:00:04.732,99.7300,"57486916-cc18-460e-88c3-3a05713ae742",d930fdbe-8fe1-46e5-9a9e-cd72319604f0,addition,,,,,,,,,,,redeem_refund,
"7eca53f8-806f-4b67-a5f7-059525c56d43",2024-08-14 21:00:05.003,2024-08-14 21:00:05.003,60.0000,"57486916-cc18-460e-88c3-3a05713ae742",f5bc8194-e50e-4200-87a4-81889e947c1c,addition,,,,,,,,,,,redeem_refund,
"9e4facad-9f39-4e14-a4e0-2e332a615c04",2024-08-16 21:00:05.102,2024-08-16 21:00:05.102,109.5660,a78b29c8-46f5-4d30-b9af-28756718b4a3,b86366f5-04d9-496b-bed2-9098f5b41e0b,addition,,,,,,,,,,,redeem_refund,
"6d6952bd-b4aa-4753-974d-7423a463723d",2024-08-16 21:00:05.102,2024-08-16 21:00:05.102,40.4340,"57486916-cc18-460e-88c3-3a05713ae742",b86366f5-04d9-496b-bed2-9098f5b41e0b,addition,,,,,,,,,,,redeem_refund,
d42986e7-f878-49d1-861e-b6d8bcee0e4f,2024-08-16 21:00:05.942,2024-08-16 21:00:05.942,109.5660,a78b29c8-46f5-4d30-b9af-28756718b4a3,b86366f5-04d9-496b-bed2-9098f5b41e0b,addition,,,,,,,,,,,redeem_refund,
"0f84215a-a06a-431c-bca8-e076eb4e2ed0",2024-08-16 21:00:05.942,2024-08-16 21:00:05.942,40.4340,"57486916-cc18-460e-88c3-3a05713ae742",b86366f5-04d9-496b-bed2-9098f5b41e0b,addition,,,,,,,,,,,redeem_refund,
b25c2299-cde8-48ec-b4b9-8bbbefcf19e4,2024-08-16 21:00:06.447,2024-08-16 21:00:06.447,109.5660,a78b29c8-46f5-4d30-b9af-28756718b4a3,b86366f5-04d9-496b-bed2-9098f5b41e0b,addition,,,,,,,,,,,redeem_refund,
"0623cbb5-7f3f-471c-8e75-46e9adfd112c",2024-08-16 21:00:06.447,2024-08-16 21:00:06.447,40.4340,"57486916-cc18-460e-88c3-3a05713ae742",b86366f5-04d9-496b-bed2-9098f5b41e0b,addition,,,,,,,,,,,redeem_refund,
"0043138d-815e-4322-b752-7147c435e5d3",2024-06-15 02:15:08.210,2024-06-15 02:15:08.210,120.0000,"9c0ac455-0a8a-4f3c-a44e-3c30611ec33d","07edf98f-682d-44cb-92aa-dac36fc1694c",subtraction,,,,"61ad14ea-1a5e-4135-84fd-e93b4d45bc50","63b4972a-67b2-482d-8d3e-d2d746f6a7c0",,,,,"5a4d5616-5022-4851-abc1-6aa808e15770",redeem,
"7836db32-e6e1-4b88-a8b2-0a50b5e4c5a7",2024-06-25 21:00:04.350,2024-06-25 21:00:04.350,120.0000,"9c0ac455-0a8a-4f3c-a44e-3c30611ec33d","07edf98f-682d-44cb-92aa-dac36fc1694c",addition,,,,,,,,,,,redeem_refund,
ba509135-1422-4b1a-a8ee-822807a1be74,2024-08-22 00:14:24.945,2024-08-22 00:14:24.945,30.0000,a78b29c8-46f5-4d30-b9af-28756718b4a3,"9256d734-890f-4dd7-bb68-a6ba56d9f04b",subtraction,,,,"61ad14ea-1a5e-4135-84fd-e93b4d45bc50","63b4972a-67b2-482d-8d3e-d2d746f6a7c0",,,,,"5a4d5616-5022-4851-abc1-6aa808e15770",redeem,
"06e638c3-10aa-4701-99df-4e507da71695",2024-08-22 00:14:25.241,2024-08-22 00:14:25.241,60.0000,a78b29c8-46f5-4d30-b9af-28756718b4a3,b1455e84-f9be-4d65-82a8-e30f8719e3ee,subtraction,,,,"61ad14ea-1a5e-4135-84fd-e93b4d45bc50","63b4972a-67b2-482d-8d3e-d2d746f6a7c0",,,,,"5a4d5616-5022-4851-abc1-6aa808e15770",redeem,
"32c7d903-1235-4898-a836-c887f540c567",2024-08-22 00:14:25.560,2024-08-22 00:14:25.560,120.0000,a78b29c8-46f5-4d30-b9af-28756718b4a3,"0c10bbd6-4300-46f2-94be-edeff2cbdd85",subtraction,,,,"61ad14ea-1a5e-4135-84fd-e93b4d45bc50","63b4972a-67b2-482d-8d3e-d2d746f6a7c0",,,,,"5a4d5616-5022-4851-abc1-6aa808e15770",redeem,
"67959fa2-086d-4492-9848-78f3a7f305b6",2024-08-22 16:24:45.761,2024-08-22 16:24:45.761,190.3190,a78b29c8-46f5-4d30-b9af-28756718b4a3,"2214e54a-e313-454c-84ff-2c57c87585a4",subtraction,,,,"61ad14ea-1a5e-4135-84fd-e93b4d45bc50","63b4972a-67b2-482d-8d3e-d2d746f6a7c0",,,,,"5a4d5616-5022-4851-abc1-6aa808e15770",redeem,
cbc1d883-0358-4633-8b3b-c46f6bf6ec88,2024-08-22 16:24:45.761,2024-08-22 16:24:45.761,9.6810,"9c0ac455-0a8a-4f3c-a44e-3c30611ec33d","2214e54a-e313-454c-84ff-2c57c87585a4",subtraction,,,,"61ad14ea-1a5e-4135-84fd-e93b4d45bc50","63b4972a-67b2-482d-8d3e-d2d746f6a7c0",,,,,"5a4d5616-5022-4851-abc1-6aa808e15770",redeem,
a1a88321-3f03-43c3-bec3-7244b8d1966d,2024-08-25 20:58:26.884,2024-08-25 20:58:26.884,40.7860,a78b29c8-46f5-4d30-b9af-28756718b4a3,"42e27756-c2c2-420e-9957-64dcc82b3703",subtraction,,,,"61ad14ea-1a5e-4135-84fd-e93b4d45bc50","63b4972a-67b2-482d-8d3e-d2d746f6a7c0",,,,,"5a4d5616-5022-4851-abc1-6aa808e15770",redeem,
"0f8f9fea-517f-411e-bf89-7a15ab5586ee",2024-08-25 20:58:26.884,2024-08-25 20:58:26.884,159.2140,"9c0ac455-0a8a-4f3c-a44e-3c30611ec33d","42e27756-c2c2-420e-9957-64dcc82b3703",subtraction,,,,"61ad14ea-1a5e-4135-84fd-e93b4d45bc50","63b4972a-67b2-482d-8d3e-d2d746f6a7c0",,,,,"5a4d5616-5022-4851-abc1-6aa808e15770",redeem,
"08816169-2a29-4ac9-a95c-b80dc73aa703",2024-08-26 00:50:45.156,2024-08-26 00:50:45.156,40.4500,a78b29c8-46f5-4d30-b9af-28756718b4a3,"2f68a8c9-7fc3-476d-8330-2bf90df42988",subtraction,,,,"61ad14ea-1a5e-4135-84fd-e93b4d45bc50","63b4972a-67b2-482d-8d3e-d2d746f6a7c0",,,,,"5a4d5616-5022-4851-abc1-6aa808e15770",redeem,
dc2d68c0-d2b5-40c3-b747-7978a580e628,2024-08-26 00:50:45.156,2024-08-26 00:50:45.156,19.5500,"9c0ac455-0a8a-4f3c-a44e-3c30611ec33d","2f68a8c9-7fc3-476d-8330-2bf90df42988",subtraction,,,,"61ad14ea-1a5e-4135-84fd-e93b4d45bc50","63b4972a-67b2-482d-8d3e-d2d746f6a7c0",,,,,"5a4d5616-5022-4851-abc1-6aa808e15770",redeem,
"8060a4c5-1208-4f34-9aba-fddea4b59546",2024-08-26 00:50:45.693,2024-08-26 00:50:45.693,60.0000,"9c0ac455-0a8a-4f3c-a44e-3c30611ec33d",c54186f1-9c1d-4177-b5fa-6be591c80bf6,subtraction,,,,"61ad14ea-1a5e-4135-84fd-e93b4d45bc50","63b4972a-67b2-482d-8d3e-d2d746f6a7c0",,,,,"5a4d5616-5022-4851-abc1-6aa808e15770",redeem,
"0a8d4621-a384-4805-adfe-68552360e0db",2024-08-26 00:52:39.057,2024-08-26 00:52:39.057,60.0000,"9c0ac455-0a8a-4f3c-a44e-3c30611ec33d",e8ff04c0-3854-4ce8-8c4c-38205785fb34,subtraction,,,,"61ad14ea-1a5e-4135-84fd-e93b4d45bc50","63b4972a-67b2-482d-8d3e-d2d746f6a7c0",,,,,"5a4d5616-5022-4851-abc1-6aa808e15770",redeem,
d597ed09-8b4f-4ff6-b2aa-4d76ead30c45,2024-08-26 00:53:00.997,2024-08-26 00:53:00.997,20.5250,"9c0ac455-0a8a-4f3c-a44e-3c30611ec33d","0fa14dcd-6422-4722-bae6-4ad6b5837a25",subtraction,,,,"61ad14ea-1a5e-4135-84fd-e93b4d45bc50","63b4972a-67b2-482d-8d3e-d2d746f6a7c0",,,,,"5a4d5616-5022-4851-abc1-6aa808e15770",redeem,
ddde950b-ec36-4c36-a22d-0f548de645e0,2024-08-26 00:53:00.997,2024-08-26 00:53:00.997,39.4750,a880d5a8-a624-440a-8e3b-f6b2d1ec145e,"0fa14dcd-6422-4722-bae6-4ad6b5837a25",subtraction,,,,"61ad14ea-1a5e-4135-84fd-e93b4d45bc50","63b4972a-67b2-482d-8d3e-d2d746f6a7c0",,,,,"5a4d5616-5022-4851-abc1-6aa808e15770",redeem,
aeaf6c38-00a0-43c4-8491-c7e2ac78d2ee,2024-07-29 00:48:03.969,2024-07-29 00:48:03.969,60.0000,"9c0ac455-0a8a-4f3c-a44e-3c30611ec33d",f63b5442-f54c-4cd7-bfc7-73a8c24b5af5,subtraction,,,,"61ad14ea-1a5e-4135-84fd-e93b4d45bc50","63b4972a-67b2-482d-8d3e-d2d746f6a7c0",,,,,"5a4d5616-5022-4851-abc1-6aa808e15770",redeem,
"7d5bb825-c180-4458-b6e8-9cdc316e13d5",2024-07-29 00:48:04.295,2024-07-29 00:48:04.295,74.4850,"9c0ac455-0a8a-4f3c-a44e-3c30611ec33d","27630844-8610-4c3b-b2d9-faf6f9e9081a",subtraction,,,,"61ad14ea-1a5e-4135-84fd-e93b4d45bc50","63b4972a-67b2-482d-8d3e-d2d746f6a7c0",,,,,"5a4d5616-5022-4851-abc1-6aa808e15770",redeem,
c299c3ef-7ef4-4d8a-814a-ab6522038448,2024-07-29 00:48:04.295,2024-07-29 00:48:04.295,75.5150,a880d5a8-a624-440a-8e3b-f6b2d1ec145e,"27630844-8610-4c3b-b2d9-faf6f9e9081a",subtraction,,,,"61ad14ea-1a5e-4135-84fd-e93b4d45bc50","63b4972a-67b2-482d-8d3e-d2d746f6a7c0",,,,,"5a4d5616-5022-4851-abc1-6aa808e15770",redeem,
cb119ea6-2089-4900-a1e5-3a7f956eb187,2024-08-30 17:03:58.196,2024-08-30 17:03:58.196,200.0000,a880d5a8-a624-440a-8e3b-f6b2d1ec145e,c3f766f0-6234-4942-81fd-7176d14c11d4,subtraction,,,,"61ad14ea-1a5e-4135-84fd-e93b4d45bc50","63b4972a-67b2-482d-8d3e-d2d746f6a7c0",,,,,"5a4d5616-5022-4851-abc1-6aa808e15770",redeem,
"21b26caf-9c19-48c2-9974-1f76fdf99059",2024-08-30 17:18:41.763,2024-08-30 17:18:41.763,44.9300,a78b29c8-46f5-4d30-b9af-28756718b4a3,"1228f259-7455-4f15-84fd-403a0a0227f7",subtraction,,,,"61ad14ea-1a5e-4135-84fd-e93b4d45bc50","63b4972a-67b2-482d-8d3e-d2d746f6a7c0",,,,,"5a4d5616-5022-4851-abc1-6aa808e15770",redeem,
ebdc10e2-7b40-4b78-84fc-2878052359fc,2024-08-30 17:18:41.763,2024-08-30 17:18:41.763,62.3650,a880d5a8-a624-440a-8e3b-f6b2d1ec145e,"1228f259-7455-4f15-84fd-403a0a0227f7",subtraction,,,,"61ad14ea-1a5e-4135-84fd-e93b4d45bc50","63b4972a-67b2-482d-8d3e-d2d746f6a7c0",,,,,"5a4d5616-5022-4851-abc1-6aa808e15770",redeem,
"88206fe6-e903-481d-8e3e-09baca747b3a",2024-08-30 17:18:41.763,2024-08-30 17:18:41.763,92.7050,"57486916-cc18-460e-88c3-3a05713ae742","1228f259-7455-4f15-84fd-403a0a0227f7",subtraction,,,,"61ad14ea-1a5e-4135-84fd-e93b4d45bc50","63b4972a-67b2-482d-8d3e-d2d746f6a7c0",,,,,"5a4d5616-5022-4851-abc1-6aa808e15770",redeem,
"9ec3d773-eb08-4f70-910d-bb83bdd18b7c",2024-08-03 23:45:06.537,2024-08-03 23:45:06.537,50.2700,a880d5a8-a624-440a-8e3b-f6b2d1ec145e,d930fdbe-8fe1-46e5-9a9e-cd72319604f0,subtraction,,,,"61ad14ea-1a5e-4135-84fd-e93b4d45bc50","63b4972a-67b2-482d-8d3e-d2d746f6a7c0",,,,,"5a4d5616-5022-4851-abc1-6aa808e15770",redeem,
"62390833-be92-44d4-9504-a473d9d071e9",2024-08-03 23:45:06.537,2024-08-03 23:45:06.537,99.7300,"57486916-cc18-460e-88c3-3a05713ae742",d930fdbe-8fe1-46e5-9a9e-cd72319604f0,subtraction,,,,"61ad14ea-1a5e-4135-84fd-e93b4d45bc50","63b4972a-67b2-482d-8d3e-d2d746f6a7c0",,,,,"5a4d5616-5022-4851-abc1-6aa808e15770",redeem,
"0e8bc40d-64e4-4f13-8627-e6af076dcde6",2024-08-03 23:45:06.887,2024-08-03 23:45:06.887,60.0000,"57486916-cc18-460e-88c3-3a05713ae742",f5bc8194-e50e-4200-87a4-81889e947c1c,subtraction,,,,"61ad14ea-1a5e-4135-84fd-e93b4d45bc50","63b4972a-67b2-482d-8d3e-d2d746f6a7c0",,,,,"5a4d5616-5022-4851-abc1-6aa808e15770",redeem,
"0e047b3e-8557-46cf-85b3-1d2de120f535",2024-08-31 00:44:40.061,2024-08-31 00:44:40.061,39.1960,a78b29c8-46f5-4d30-b9af-28756718b4a3,"6776d029-432b-4a72-b090-26e0c2727866",subtraction,,,,"61ad14ea-1a5e-4135-84fd-e93b4d45bc50","63b4972a-67b2-482d-8d3e-d2d746f6a7c0",,,,,"5a4d5616-5022-4851-abc1-6aa808e15770",redeem,
"0b708af0-4671-4263-961a-5909b0fd29ab",2024-08-31 00:44:40.061,2024-08-31 00:44:40.061,512.4970,"57486916-cc18-460e-88c3-3a05713ae742","6776d029-432b-4a72-b090-26e0c2727866",subtraction,,,,"61ad14ea-1a5e-4135-84fd-e93b4d45bc50","63b4972a-67b2-482d-8d3e-d2d746f6a7c0",,,,,"5a4d5616-5022-4851-abc1-6aa808e15770",redeem,
"8184eb16-4f49-492e-9d0c-a53da8bbd1d6",2024-08-31 00:44:40.061,2024-08-31 00:44:40.061,248.3070,fd8af339-9f6e-48af-9079-7c896eda6cb1,"6776d029-432b-4a72-b090-26e0c2727866",subtraction,,,,"61ad14ea-1a5e-4135-84fd-e93b4d45bc50","63b4972a-67b2-482d-8d3e-d2d746f6a7c0",,,,,"5a4d5616-5022-4851-abc1-6aa808e15770",redeem,
"412db585-102f-4743-8adf-e19badc293a3",2024-08-06 01:50:45.375,2024-08-06 01:50:45.375,109.5660,a78b29c8-46f5-4d30-b9af-28756718b4a3,b86366f5-04d9-496b-bed2-9098f5b41e0b,subtraction,,,,"61ad14ea-1a5e-4135-84fd-e93b4d45bc50","63b4972a-67b2-482d-8d3e-d2d746f6a7c0",,,,,"5a4d5616-5022-4851-abc1-6aa808e15770",redeem,
"0c094d2b-cfb7-4fa2-8e01-e1ec75bde3b4",2024-08-06 01:50:45.375,2024-08-06 01:50:45.375,40.4340,"57486916-cc18-460e-88c3-3a05713ae742",b86366f5-04d9-496b-bed2-9098f5b41e0b,subtraction,,,,"61ad14ea-1a5e-4135-84fd-e93b4d45bc50","63b4972a-67b2-482d-8d3e-d2d746f6a7c0",,,,,"5a4d5616-5022-4851-abc1-6aa808e15770",redeem,
"9c68e31e-c01a-40da-bc8c-deb5cef0696f",2024-09-01 21:00:06.440,2024-09-01 21:00:06.440,120.0000,a78b29c8-46f5-4d30-b9af-28756718b4a3,"0c10bbd6-4300-46f2-94be-edeff2cbdd85",addition,,,,,,,,,,,redeem_refund,
f3bf9aba-116e-4719-827f-7b534be4b513,2024-09-01 21:00:06.835,2024-09-01 21:00:06.835,30.0000,a78b29c8-46f5-4d30-b9af-28756718b4a3,"9256d734-890f-4dd7-bb68-a6ba56d9f04b",addition,,,,,,,,,,,redeem_refund,
efa8775e-47c2-4555-a239-83aa34076119,2024-09-01 21:00:07.149,2024-09-01 21:00:07.149,60.0000,a78b29c8-46f5-4d30-b9af-28756718b4a3,b1455e84-f9be-4d65-82a8-e30f8719e3ee,addition,,,,,,,,,,,redeem_refund,
"1075f92a-9f56-4a86-9a2d-8e7fe6473f49",2024-08-08 21:00:04.858,2024-08-08 21:00:04.858,74.4850,"9c0ac455-0a8a-4f3c-a44e-3c30611ec33d","27630844-8610-4c3b-b2d9-faf6f9e9081a",addition,,,,,,,,,,,redeem_refund,
d3ff966d-a9c0-4f8b-a5cb-834c4fbcecc1,2024-08-08 21:00:04.858,2024-08-08 21:00:04.858,75.5150,a880d5a8-a624-440a-8e3b-f6b2d1ec145e,"27630844-8610-4c3b-b2d9-faf6f9e9081a",addition,,,,,,,,,,,redeem_refund,
"2381c554-6220-40e3-a8e8-67e2ad554061",2024-08-08 21:00:03.879,2024-08-08 21:00:03.879,60.0000,"9c0ac455-0a8a-4f3c-a44e-3c30611ec33d",f63b5442-f54c-4cd7-bfc7-73a8c24b5af5,addition,,,,,,,,,,,redeem_refund,
a699d2d9-501e-4bf8-a073-7cc26754ae7d,2024-08-08 21:00:04.345,2024-08-08 21:00:04.345,60.0000,"9c0ac455-0a8a-4f3c-a44e-3c30611ec33d",f63b5442-f54c-4cd7-bfc7-73a8c24b5af5,addition,,,,,,,,,,,redeem_refund,
"71b34405-6fff-4692-85f7-892fd195706f",2024-08-08 21:00:03.971,2024-08-08 21:00:03.971,74.4850,"9c0ac455-0a8a-4f3c-a44e-3c30611ec33d","27630844-8610-4c3b-b2d9-faf6f9e9081a",addition,,,,,,,,,,,redeem_refund,
"254a0484-f0f8-48ad-91e2-62e0c572efab",2024-08-08 21:00:03.971,2024-08-08 21:00:03.971,75.5150,a880d5a8-a624-440a-8e3b-f6b2d1ec145e,"27630844-8610-4c3b-b2d9-faf6f9e9081a",addition,,,,,,,,,,,redeem_refund,
e99133b0-58bb-499c-8c7f-a2ca8acb960c,2024-08-08 21:00:04.659,2024-08-08 21:00:04.659,60.0000,"9c0ac455-0a8a-4f3c-a44e-3c30611ec33d",f63b5442-f54c-4cd7-bfc7-73a8c24b5af5,addition,,,,,,,,,,,redeem_refund,
"871d87df-95a4-4707-ad7a-b2c5fd90165a",2024-09-03 01:19:29.229,2024-09-03 01:19:29.229,60.0000,a78b29c8-46f5-4d30-b9af-28756718b4a3,"89967286-8433-4e85-bbf0-c8cd6397ec23",subtraction,,,,"61ad14ea-1a5e-4135-84fd-e93b4d45bc50","63b4972a-67b2-482d-8d3e-d2d746f6a7c0",,,,,"5a4d5616-5022-4851-abc1-6aa808e15770",redeem,
b1aa8b5f-23d5-435a-a63f-f5d04fce84d2,2024-09-03 01:21:06.781,2024-09-03 01:21:06.781,60.0000,a78b29c8-46f5-4d30-b9af-28756718b4a3,e798058e-d050-4c29-9b5a-422638a28d36,subtraction,,,,"61ad14ea-1a5e-4135-84fd-e93b4d45bc50","63b4972a-67b2-482d-8d3e-d2d746f6a7c0",,,,,"5a4d5616-5022-4851-abc1-6aa808e15770",redeem,
"9f5c0887-5079-454a-8d76-548768e88595",2024-09-05 19:58:49.315,2024-09-05 19:58:49.315,200.0000,a78b29c8-46f5-4d30-b9af-28756718b4a3,"2109d90a-131e-45c7-89bb-2f64733c0d93",subtraction,,,,"61ad14ea-1a5e-4135-84fd-e93b4d45bc50","63b4972a-67b2-482d-8d3e-d2d746f6a7c0",,,,,"5a4d5616-5022-4851-abc1-6aa808e15770",redeem,
d2686075-9f17-4283-800e-6a536e414eb9,2024-09-05 21:00:05.112,2024-09-05 21:00:05.112,40.4500,a78b29c8-46f5-4d30-b9af-28756718b4a3,"2f68a8c9-7fc3-476d-8330-2bf90df42988",addition,,,,,,,,,,,redeem_refund,
"5abc0777-ba6e-44a6-900e-0a978afb67c5",2024-09-05 21:00:04.700,2024-09-05 21:00:04.700,20.5250,"9c0ac455-0a8a-4f3c-a44e-3c30611ec33d","0fa14dcd-6422-4722-bae6-4ad6b5837a25",addition,,,,,,,,,,,redeem_refund,
"2cbd38fd-515c-4464-b21a-b4e62d08451a",2024-09-05 21:00:04.700,2024-09-05 21:00:04.700,39.4750,a880d5a8-a624-440a-8e3b-f6b2d1ec145e,"0fa14dcd-6422-4722-bae6-4ad6b5837a25",addition,,,,,,,,,,,redeem_refund,
"9bc5b161-7174-4179-85d5-91625c7f9b7c",2024-09-05 21:00:05.505,2024-09-05 21:00:05.505,60.0000,"9c0ac455-0a8a-4f3c-a44e-3c30611ec33d",e8ff04c0-3854-4ce8-8c4c-38205785fb34,addition,,,,,,,,,,,redeem_refund,
"83f2348a-10a8-4fd1-a4fd-b30adcea5218",2024-09-05 21:00:05.112,2024-09-05 21:00:05.112,19.5500,"9c0ac455-0a8a-4f3c-a44e-3c30611ec33d","2f68a8c9-7fc3-476d-8330-2bf90df42988",addition,,,,,,,,,,,redeem_refund,
"06a01ee1-5b81-49be-baab-19f34d736d79",2024-09-05 21:00:05.137,2024-09-05 21:00:05.137,60.0000,"9c0ac455-0a8a-4f3c-a44e-3c30611ec33d",c54186f1-9c1d-4177-b5fa-6be591c80bf6,addition,,,,,,,,,,,redeem_refund,
"674a787f-ddeb-416a-9976-07e2ee41701b",2024-09-10 21:00:05.392,2024-09-10 21:00:05.392,39.1960,a78b29c8-46f5-4d30-b9af-28756718b4a3,"6776d029-432b-4a72-b090-26e0c2727866",addition,,,,,,,,,,,redeem_refund,
"919e812e-f4f6-49ab-89a5-b50a2695b298",2024-09-10 21:00:05.392,2024-09-10 21:00:05.392,512.4970,"57486916-cc18-460e-88c3-3a05713ae742","6776d029-432b-4a72-b090-26e0c2727866",addition,,,,,,,,,,,redeem_refund,
a45be0f2-2f23-4216-b8d6-bb76db66d828,2024-09-10 21:00:05.392,2024-09-10 21:00:05.392,248.3070,fd8af339-9f6e-48af-9079-7c896eda6cb1,"6776d029-432b-4a72-b090-26e0c2727866",addition,,,,,,,,,,,redeem_refund,
ba1619fb-f3fd-4575-8f39-eee460b8cd47,2024-09-13 21:00:05.147,2024-09-13 21:00:05.147,60.0000,a78b29c8-46f5-4d30-b9af-28756718b4a3,e798058e-d050-4c29-9b5a-422638a28d36,addition,,,,,,,,,,,redeem_refund,
"9dddd3a5-6746-45dc-a636-b9dc92bad508",2024-09-13 21:00:05.304,2024-09-13 21:00:05.304,60.0000,a78b29c8-46f5-4d30-b9af-28756718b4a3,"89967286-8433-4e85-bbf0-c8cd6397ec23",addition,,,,,,,,,,,redeem_refund,
f84b024f-09a0-421e-aa2d-624ede3627ed,2024-09-15 02:26:40.957,2024-09-15 02:26:40.957,488.9380,a78b29c8-46f5-4d30-b9af-28756718b4a3,"25d5f50f-49d2-4044-a4cd-dab3a77359db",subtraction,,,,"61ad14ea-1a5e-4135-84fd-e93b4d45bc50","63b4972a-67b2-482d-8d3e-d2d746f6a7c0",,,,,"5a4d5616-5022-4851-abc1-6aa808e15770",redeem,
c29abae5-402a-44c5-90b2-a8941727754f,2024-09-15 02:26:40.957,2024-09-15 02:26:40.957,214.3420,eda0e33c-f784-49ab-840c-8d30c8d1acfd,"25d5f50f-49d2-4044-a4cd-dab3a77359db",subtraction,,,,"61ad14ea-1a5e-4135-84fd-e93b4d45bc50","63b4972a-67b2-482d-8d3e-d2d746f6a7c0",,,,,"5a4d5616-5022-4851-abc1-6aa808e15770",redeem,
b749f003-3e05-4040-977c-6f84cac0467d,2024-09-15 02:26:40.957,2024-09-15 02:26:40.957,480.2250,"9c0ac455-0a8a-4f3c-a44e-3c30611ec33d","25d5f50f-49d2-4044-a4cd-dab3a77359db",subtraction,,,,"61ad14ea-1a5e-4135-84fd-e93b4d45bc50","63b4972a-67b2-482d-8d3e-d2d746f6a7c0",,,,,"5a4d5616-5022-4851-abc1-6aa808e15770",redeem,
"32b5bb81-8660-4307-87f5-ba978cd54460",2024-09-15 02:26:40.957,2024-09-15 02:26:40.957,118.4250,a880d5a8-a624-440a-8e3b-f6b2d1ec145e,"25d5f50f-49d2-4044-a4cd-dab3a77359db",subtraction,,,,"61ad14ea-1a5e-4135-84fd-e93b4d45bc50","63b4972a-67b2-482d-8d3e-d2d746f6a7c0",,,,,"5a4d5616-5022-4851-abc1-6aa808e15770",redeem,
c333aeef-0ae1-4e3b-91d1-88c6efba499b,2024-09-15 02:26:40.957,2024-09-15 02:26:40.957,798.0700,"57486916-cc18-460e-88c3-3a05713ae742","25d5f50f-49d2-4044-a4cd-dab3a77359db",subtraction,,,,"61ad14ea-1a5e-4135-84fd-e93b4d45bc50","63b4972a-67b2-482d-8d3e-d2d746f6a7c0",,,,,"5a4d5616-5022-4851-abc1-6aa808e15770",redeem,
"195842a6-0b0e-4038-be3b-802052605065",2024-09-17 06:03:12.798,2024-09-17 06:03:12.798,739.4210,"57486916-cc18-460e-88c3-3a05713ae742","22cc8b27-8b5b-4815-a3ac-ceb49d85bf44",subtraction,,,,"61ad14ea-1a5e-4135-84fd-e93b4d45bc50","63b4972a-67b2-482d-8d3e-d2d746f6a7c0",,,,,"5a4d5616-5022-4851-abc1-6aa808e15770",redeem,
"39f4954e-cfe8-4f45-b271-95daec397eea",2024-09-17 06:03:12.798,2024-09-17 06:03:12.798,160.5790,fd8af339-9f6e-48af-9079-7c896eda6cb1,"22cc8b27-8b5b-4815-a3ac-ceb49d85bf44",subtraction,,,,"61ad14ea-1a5e-4135-84fd-e93b4d45bc50","63b4972a-67b2-482d-8d3e-d2d746f6a7c0",,,,,"5a4d5616-5022-4851-abc1-6aa808e15770",redeem,
"889afac9-b9ea-46be-9c0b-a741ca3ae57b",2024-10-01 17:54:45.031,2024-10-01 17:54:45.031,126.7410,eda0e33c-f784-49ab-840c-8d30c8d1acfd,"373c24eb-92d1-40e5-83e3-e5344f754b45",subtraction,,,,"61ad14ea-1a5e-4135-84fd-e93b4d45bc50","63b4972a-67b2-482d-8d3e-d2d746f6a7c0",,,,,"5a4d5616-5022-4851-abc1-6aa808e15770",redeem,
"25d90ca9-3d8f-4d28-8268-61d58f2db504",2024-10-01 17:54:45.031,2024-10-01 17:54:45.031,670.8270,fd8af339-9f6e-48af-9079-7c896eda6cb1,"373c24eb-92d1-40e5-83e3-e5344f754b45",subtraction,,,,"61ad14ea-1a5e-4135-84fd-e93b4d45bc50","63b4972a-67b2-482d-8d3e-d2d746f6a7c0",,,,,"5a4d5616-5022-4851-abc1-6aa808e15770",redeem,
"5a577712-7efd-4ef1-9544-b68c8b621f17",2024-10-01 17:54:45.031,2024-10-01 17:54:45.031,98.1520,"1db9cca7-0eda-43f2-bad3-22c9d2957f16","373c24eb-92d1-40e5-83e3-e5344f754b45",subtraction,,,,"61ad14ea-1a5e-4135-84fd-e93b4d45bc50","63b4972a-67b2-482d-8d3e-d2d746f6a7c0",,,,,"5a4d5616-5022-4851-abc1-6aa808e15770",redeem,
dc484371-e93d-4b06-8ca5-72eceb5e22eb,2024-10-01 17:54:45.031,2024-10-01 17:54:45.031,4.2800,"70798a04-4e57-4a0d-9b1f-5ce92682b760","373c24eb-92d1-40e5-83e3-e5344f754b45",subtraction,,,,"61ad14ea-1a5e-4135-84fd-e93b4d45bc50","63b4972a-67b2-482d-8d3e-d2d746f6a7c0",,,,,"5a4d5616-5022-4851-abc1-6aa808e15770",redeem,
ae780c51-f01b-4e76-8428-db2d3961196a,2023-11-02 04:33:47.590,2023-11-02 04:33:47.590,86.5400,a78b29c8-46f5-4d30-b9af-28756718b4a3,f57a592a-8866-44a2-9abd-d0df72593ec4,subtraction,,,,"61ad14ea-1a5e-4135-84fd-e93b4d45bc50","63b4972a-67b2-482d-8d3e-d2d746f6a7c0",,,,,"5a4d5616-5022-4851-abc1-6aa808e15770",redeem,
cd5f831c-b790-4023-916f-f3f0fbebe7d3,2023-11-02 04:33:47.590,2023-11-02 04:33:47.590,127.8210,eda0e33c-f784-49ab-840c-8d30c8d1acfd,f57a592a-8866-44a2-9abd-d0df72593ec4,subtraction,,,,"61ad14ea-1a5e-4135-84fd-e93b4d45bc50","63b4972a-67b2-482d-8d3e-d2d746f6a7c0",,,,,"5a4d5616-5022-4851-abc1-6aa808e15770",redeem,
"45f12db1-ee84-4e4f-9bdb-bf4f32610123",2023-11-02 04:33:47.590,2023-11-02 04:33:47.590,485.6390,"621ca0bd-2aa1-4022-b4dc-bcf65633d6cb",f57a592a-8866-44a2-9abd-d0df72593ec4,subtraction,,,,"61ad14ea-1a5e-4135-84fd-e93b4d45bc50","63b4972a-67b2-482d-8d3e-d2d746f6a7c0",,,,,"5a4d5616-5022-4851-abc1-6aa808e15770",redeem,
"6b8e2254-ab3a-4f2d-9fec-bb81ec0c0ca3",2024-01-16 21:00:07.887,2024-01-16 21:00:07.887,30.0000,eb753072-f2fb-4f5c-98a1-87d9e45bc88b,"8bdb00d1-80e3-4014-88ff-83ad697109c3",addition,,,,,,,,,,,redeem_refund,
"24185290-7d94-49b6-8d69-445424e00e56",2024-01-16 21:00:07.017,2024-01-16 21:00:07.017,23.3340,eb753072-f2fb-4f5c-98a1-87d9e45bc88b,"77f84901-dfde-4d36-addd-72ed55d25bd8",addition,,,,,,,,,,,redeem_refund,
"6a639d4a-9d10-4c73-8010-651828643865",2024-01-16 21:00:07.017,2024-01-16 21:00:07.017,36.6660,"621ca0bd-2aa1-4022-b4dc-bcf65633d6cb","77f84901-dfde-4d36-addd-72ed55d25bd8",addition,,,,,,,,,,,redeem_refund,
"6c86f895-0bda-43c4-9819-72f20f2bd9f6",2024-01-16 21:00:08.692,2024-01-16 21:00:08.692,59.4860,"631c704c-70ec-4f94-8f96-900ce048a53d","35508a83-d700-49ec-a9c3-f8e6cf6f79b3",addition,,,,,,,,,,,redeem_refund,
"8dbe966d-6663-4c01-a29b-a599e948c9f6",2024-01-16 21:00:08.692,2024-01-16 21:00:08.692,90.5140,eb753072-f2fb-4f5c-98a1-87d9e45bc88b,"35508a83-d700-49ec-a9c3-f8e6cf6f79b3",addition,,,,,,,,,,,redeem_refund,
f90f4ca8-3e87-45d1-a560-81c38af888dd,2023-12-31 21:00:03.870,2023-12-31 21:00:03.870,29.4860,"631c704c-70ec-4f94-8f96-900ce048a53d",f1b8bddb-442c-414b-a6ca-4fe1a693eca8,addition,,,,,,,,,,,redeem_refund,
"1472d861-9726-4019-803f-524d0c0be477",2023-12-31 21:00:03.870,2023-12-31 21:00:03.870,30.5140,eb753072-f2fb-4f5c-98a1-87d9e45bc88b,f1b8bddb-442c-414b-a6ca-4fe1a693eca8,addition,,,,,,,,,,,redeem_refund,
"1fc47d7b-e700-48a4-9f84-041b852a4474",2023-12-31 21:00:03.872,2023-12-31 21:00:03.872,113.3340,eb753072-f2fb-4f5c-98a1-87d9e45bc88b,a274b3e5-9048-40fc-a241-40992684eba0,addition,,,,,,,,,,,redeem_refund,
"22dbf387-b407-4ad1-86ec-a8a446926698",2023-12-31 21:00:03.872,2023-12-31 21:00:03.872,36.6660,"621ca0bd-2aa1-4022-b4dc-bcf65633d6cb",a274b3e5-9048-40fc-a241-40992684eba0,addition,,,,,,,,,,,redeem_refund,
"451ffac3-2e64-42ad-9207-9e57454c1bb0",2024-01-01 21:00:03.765,2024-01-01 21:00:03.765,60.0000,"631c704c-70ec-4f94-8f96-900ce048a53d",b8a487ba-e80e-4f0a-8d12-8580522e8126,addition,,,,,,,,,,,redeem_refund,
a1db65e3-0054-46d3-9654-1eda4d1fd87f,2024-01-01 21:00:03.674,2024-01-01 21:00:03.674,150.0000,"631c704c-70ec-4f94-8f96-900ce048a53d","489032ef-ab65-4882-929f-13b2c474ca6e",addition,,,,,,,,,,,redeem_refund,
"8f9b02a1-e3f7-4934-9994-c67db1345c8f",2024-01-31 21:14:53.154,2024-01-31 21:14:53.154,36.6660,"621ca0bd-2aa1-4022-b4dc-bcf65633d6cb","0fba51a8-6b4e-48da-b262-b2a02644fdb2",subtraction,,,,"61ad14ea-1a5e-4135-84fd-e93b4d45bc50","63b4972a-67b2-482d-8d3e-d2d746f6a7c0",,,,,"5a4d5616-5022-4851-abc1-6aa808e15770",redeem,
a851f405-051a-4de0-80d5-fb0b8f3636f9,2024-01-31 21:14:53.154,2024-01-31 21:14:53.154,23.3340,eb753072-f2fb-4f5c-98a1-87d9e45bc88b,"0fba51a8-6b4e-48da-b262-b2a02644fdb2",subtraction,,,,"61ad14ea-1a5e-4135-84fd-e93b4d45bc50","63b4972a-67b2-482d-8d3e-d2d746f6a7c0",,,,,"5a4d5616-5022-4851-abc1-6aa808e15770",redeem,
"968ff306-8fb7-4ae7-897f-a030b5bab2dc",2024-01-31 21:14:53.587,2024-01-31 21:14:53.587,60.0000,eb753072-f2fb-4f5c-98a1-87d9e45bc88b,"14fc222c-4b60-4a16-a6cc-6d68813c8fca",subtraction,,,,"61ad14ea-1a5e-4135-84fd-e93b4d45bc50","63b4972a-67b2-482d-8d3e-d2d746f6a7c0",,,,,"5a4d5616-5022-4851-abc1-6aa808e15770",redeem,
"2ef0d588-e20a-4b69-955b-659157effecf",2024-01-31 21:14:53.866,2024-01-31 21:14:53.866,60.0000,eb753072-f2fb-4f5c-98a1-87d9e45bc88b,"97fcc3cc-ee62-4ef2-bc07-8ef9ee64689f",subtraction,,,,"61ad14ea-1a5e-4135-84fd-e93b4d45bc50","63b4972a-67b2-482d-8d3e-d2d746f6a7c0",,,,,"5a4d5616-5022-4851-abc1-6aa808e15770",redeem,
ebfaa29d-4816-4c77-a807-5c58a45deb93,2024-01-31 21:14:54.153,2024-01-31 21:14:54.153,0.5140,eb753072-f2fb-4f5c-98a1-87d9e45bc88b,"27162e91-644e-4810-b794-09e72b5ec76f",subtraction,,,,"61ad14ea-1a5e-4135-84fd-e93b4d45bc50","63b4972a-67b2-482d-8d3e-d2d746f6a7c0",,,,,"5a4d5616-5022-4851-abc1-6aa808e15770",redeem,
"33b0bba3-303d-40c3-a572-1d3ad0bd41f1",2024-01-31 21:14:54.153,2024-01-31 21:14:54.153,149.4860,"631c704c-70ec-4f94-8f96-900ce048a53d","27162e91-644e-4810-b794-09e72b5ec76f",subtraction,,,,"61ad14ea-1a5e-4135-84fd-e93b4d45bc50","63b4972a-67b2-482d-8d3e-d2d746f6a7c0",,,,,"5a4d5616-5022-4851-abc1-6aa808e15770",redeem,
f15fcbc0-205d-429b-a060-ad4bf0dcf4c1,2024-01-06 05:19:02.427,2024-01-06 05:19:02.427,36.6660,"621ca0bd-2aa1-4022-b4dc-bcf65633d6cb","77f84901-dfde-4d36-addd-72ed55d25bd8",subtraction,,,,"61ad14ea-1a5e-4135-84fd-e93b4d45bc50","63b4972a-67b2-482d-8d3e-d2d746f6a7c0",,,,,"5a4d5616-5022-4851-abc1-6aa808e15770",redeem,
"8f5076ad-b908-4933-8cb1-b3e3dfadf139",2024-01-06 05:19:02.427,2024-01-06 05:19:02.427,23.3340,eb753072-f2fb-4f5c-98a1-87d9e45bc88b,"77f84901-dfde-4d36-addd-72ed55d25bd8",subtraction,,,,"61ad14ea-1a5e-4135-84fd-e93b4d45bc50","63b4972a-67b2-482d-8d3e-d2d746f6a7c0",,,,,"5a4d5616-5022-4851-abc1-6aa808e15770",redeem,
"12d7e0d2-60e2-469b-886e-c48e4468339d",2024-01-06 05:19:03.279,2024-01-06 05:19:03.279,30.0000,eb753072-f2fb-4f5c-98a1-87d9e45bc88b,"8bdb00d1-80e3-4014-88ff-83ad697109c3",subtraction,,,,"61ad14ea-1a5e-4135-84fd-e93b4d45bc50","63b4972a-67b2-482d-8d3e-d2d746f6a7c0",,,,,"5a4d5616-5022-4851-abc1-6aa808e15770",redeem,
c708c669-1196-472f-8b15-a8f806007371,2024-01-06 05:19:04.002,2024-01-06 05:19:04.002,90.5140,eb753072-f2fb-4f5c-98a1-87d9e45bc88b,"35508a83-d700-49ec-a9c3-f8e6cf6f79b3",subtraction,,,,"61ad14ea-1a5e-4135-84fd-e93b4d45bc50","63b4972a-67b2-482d-8d3e-d2d746f6a7c0",,,,,"5a4d5616-5022-4851-abc1-6aa808e15770",redeem,
"01be5a76-9fe1-4d15-b5ed-67170225b008",2024-01-06 05:19:04.002,2024-01-06 05:19:04.002,59.4860,"631c704c-70ec-4f94-8f96-900ce048a53d","35508a83-d700-49ec-a9c3-f8e6cf6f79b3",subtraction,,,,"61ad14ea-1a5e-4135-84fd-e93b4d45bc50","63b4972a-67b2-482d-8d3e-d2d746f6a7c0",,,,,"5a4d5616-5022-4851-abc1-6aa808e15770",redeem,
a4caf9c5-ab08-4564-b103-8e35f91db650,2024-01-08 12:53:08.313,2024-01-08 12:53:08.313,200.0000,"631c704c-70ec-4f94-8f96-900ce048a53d","2bc14291-8e94-4f40-984a-2e9d3c25a4e9",subtraction,,,,"61ad14ea-1a5e-4135-84fd-e93b4d45bc50","63b4972a-67b2-482d-8d3e-d2d746f6a7c0",,,,,"5a4d5616-5022-4851-abc1-6aa808e15770",redeem,
"2723383f-368f-47e9-88fe-b28036cdbe96",2023-12-20 23:45:23.162,2023-12-20 23:45:23.162,36.6660,"621ca0bd-2aa1-4022-b4dc-bcf65633d6cb",a274b3e5-9048-40fc-a241-40992684eba0,subtraction,,,,"61ad14ea-1a5e-4135-84fd-e93b4d45bc50","63b4972a-67b2-482d-8d3e-d2d746f6a7c0",,,,,"5a4d5616-5022-4851-abc1-6aa808e15770",redeem,
dabae470-3741-45f6-9738-a8cb308d2743,2023-12-20 23:45:23.162,2023-12-20 23:45:23.162,113.3340,eb753072-f2fb-4f5c-98a1-87d9e45bc88b,a274b3e5-9048-40fc-a241-40992684eba0,subtraction,,,,"61ad14ea-1a5e-4135-84fd-e93b4d45bc50","63b4972a-67b2-482d-8d3e-d2d746f6a7c0",,,,,"5a4d5616-5022-4851-abc1-6aa808e15770",redeem,
c8cd666e-5c10-46eb-926b-55fe6401aaee,2023-12-20 23:45:31.471,2023-12-20 23:45:31.471,30.5140,eb753072-f2fb-4f5c-98a1-87d9e45bc88b,f1b8bddb-442c-414b-a6ca-4fe1a693eca8,subtraction,,,,"61ad14ea-1a5e-4135-84fd-e93b4d45bc50","63b4972a-67b2-482d-8d3e-d2d746f6a7c0",,,,,"5a4d5616-5022-4851-abc1-6aa808e15770",redeem,
"38c2f3f8-3256-48a7-b47d-d058a4969dcf",2023-12-20 23:45:31.471,2023-12-20 23:45:31.471,29.4860,"631c704c-70ec-4f94-8f96-900ce048a53d",f1b8bddb-442c-414b-a6ca-4fe1a693eca8,subtraction,,,,"61ad14ea-1a5e-4135-84fd-e93b4d45bc50","63b4972a-67b2-482d-8d3e-d2d746f6a7c0",,,,,"5a4d5616-5022-4851-abc1-6aa808e15770",redeem,
"4bb61d8c-ad60-46e6-ae0a-980512f0dfe0",2023-12-21 23:54:09.132,2023-12-21 23:54:09.132,60.0000,"631c704c-70ec-4f94-8f96-900ce048a53d",b8a487ba-e80e-4f0a-8d12-8580522e8126,subtraction,,,,"61ad14ea-1a5e-4135-84fd-e93b4d45bc50","63b4972a-67b2-482d-8d3e-d2d746f6a7c0",,,,,"5a4d5616-5022-4851-abc1-6aa808e15770",redeem,
f2116433-f773-4af8-9624-e66c33c3ffbb,2023-12-21 23:54:10.347,2023-12-21 23:54:10.347,150.0000,"631c704c-70ec-4f94-8f96-900ce048a53d","489032ef-ab65-4882-929f-13b2c474ca6e",subtraction,,,,"61ad14ea-1a5e-4135-84fd-e93b4d45bc50","63b4972a-67b2-482d-8d3e-d2d746f6a7c0",,,,,"5a4d5616-5022-4851-abc1-6aa808e15770",redeem,
c504e1e1-941f-45ce-87fc-b2e5c4dbd38d,2024-01-22 21:00:04.269,2024-01-22 21:00:04.269,150.0000,"631c704c-70ec-4f94-8f96-900ce048a53d",cac6a86f-aec6-4080-8ccf-e24dac009e8f,addition,,,,,,,,,,,redeem_refund,
"5013bf50-4d5f-45a9-a689-2c20e769ad9a",2024-01-22 21:00:04.189,2024-01-22 21:00:04.189,60.0000,"631c704c-70ec-4f94-8f96-900ce048a53d","8a6b8026-d34d-43ed-aa96-bf3ba3d63206",addition,,,,,,,,,,,redeem_refund,
"02bf60f7-9753-4101-a8e8-a61a1fcb7221",2024-01-22 21:00:04.269,2024-01-22 21:00:04.269,60.0000,"631c704c-70ec-4f94-8f96-900ce048a53d",c0726587-4a2e-4cd7-aa88-bdc4a2083a60,addition,,,,,,,,,,,redeem_refund,
adf11aef-8123-4b87-86db-8393df66c204,2024-01-12 01:19:26.607,2024-01-12 01:19:26.607,150.0000,"631c704c-70ec-4f94-8f96-900ce048a53d",cac6a86f-aec6-4080-8ccf-e24dac009e8f,subtraction,,,,"61ad14ea-1a5e-4135-84fd-e93b4d45bc50","63b4972a-67b2-482d-8d3e-d2d746f6a7c0",,,,,"5a4d5616-5022-4851-abc1-6aa808e15770",redeem,
"31f96a79-0dbc-421e-b905-d402765a9995",2024-01-12 01:19:27.424,2024-01-12 01:19:27.424,60.0000,"631c704c-70ec-4f94-8f96-900ce048a53d",c0726587-4a2e-4cd7-aa88-bdc4a2083a60,subtraction,,,,"61ad14ea-1a5e-4135-84fd-e93b4d45bc50","63b4972a-67b2-482d-8d3e-d2d746f6a7c0",,,,,"5a4d5616-5022-4851-abc1-6aa808e15770",redeem,
f57556b9-5c89-4348-aa53-d6d3fbff4f43,2024-01-12 01:19:36.478,2024-01-12 01:19:36.478,60.0000,"631c704c-70ec-4f94-8f96-900ce048a53d","8a6b8026-d34d-43ed-aa96-bf3ba3d63206",subtraction,,,,"61ad14ea-1a5e-4135-84fd-e93b4d45bc50","63b4972a-67b2-482d-8d3e-d2d746f6a7c0",,,,,"5a4d5616-5022-4851-abc1-6aa808e15770",redeem,
"75844e1f-1945-4a9b-9d12-b636aab1e467",2024-01-13 19:40:48.600,2024-01-13 19:40:48.600,40.2130,"631c704c-70ec-4f94-8f96-900ce048a53d",bf110220-2384-49bc-b09a-f40288bb0a50,subtraction,,,,"61ad14ea-1a5e-4135-84fd-e93b4d45bc50","63b4972a-67b2-482d-8d3e-d2d746f6a7c0",,,,,"5a4d5616-5022-4851-abc1-6aa808e15770",redeem,
"1aefbbd0-9adb-43aa-9f27-fbda4a180e26",2024-01-13 19:40:48.600,2024-01-13 19:40:48.600,19.7870,a4fca9a0-1a20-4f90-a768-d1ad7f83c6cf,bf110220-2384-49bc-b09a-f40288bb0a50,subtraction,,,,"61ad14ea-1a5e-4135-84fd-e93b4d45bc50","63b4972a-67b2-482d-8d3e-d2d746f6a7c0",,,,,"5a4d5616-5022-4851-abc1-6aa808e15770",redeem,
a6771ecc-c836-483f-9fb2-5e117d66b293,2024-01-13 19:40:49.976,2024-01-13 19:40:49.976,60.0000,a4fca9a0-1a20-4f90-a768-d1ad7f83c6cf,ea547d83-4f9b-4dbf-ad4a-e83625a91483,subtraction,,,,"61ad14ea-1a5e-4135-84fd-e93b4d45bc50","63b4972a-67b2-482d-8d3e-d2d746f6a7c0",,,,,"5a4d5616-5022-4851-abc1-6aa808e15770",redeem,
"98794379-84d0-47af-8b12-4f87a0f1c34e",2024-01-13 19:40:50.814,2024-01-13 19:40:50.814,30.0000,a4fca9a0-1a20-4f90-a768-d1ad7f83c6cf,d0e50722-8184-4399-b4d3-49b3cf60ef16,subtraction,,,,"61ad14ea-1a5e-4135-84fd-e93b4d45bc50","63b4972a-67b2-482d-8d3e-d2d746f6a7c0",,,,,"5a4d5616-5022-4851-abc1-6aa808e15770",redeem,
"3fd943e9-48fc-4700-9989-65c08b6fe9ad",2024-02-17 04:37:23.550,2024-02-17 04:37:23.550,0.5140,eb753072-f2fb-4f5c-98a1-87d9e45bc88b,"5baa3650-65eb-4cd2-89c9-1ded80f355c1",subtraction,,,,"61ad14ea-1a5e-4135-84fd-e93b4d45bc50","63b4972a-67b2-482d-8d3e-d2d746f6a7c0",,,,,"5a4d5616-5022-4851-abc1-6aa808e15770",redeem,
acdcc684-a209-46ce-848d-6ff9885989e1,2024-02-17 04:37:23.550,2024-02-17 04:37:23.550,59.4860,"631c704c-70ec-4f94-8f96-900ce048a53d","5baa3650-65eb-4cd2-89c9-1ded80f355c1",subtraction,,,,"61ad14ea-1a5e-4135-84fd-e93b4d45bc50","63b4972a-67b2-482d-8d3e-d2d746f6a7c0",,,,,"5a4d5616-5022-4851-abc1-6aa808e15770",redeem,
"224d8865-4096-4d13-af2b-d2c3a9a546c4",2024-01-23 21:00:02.102,2024-01-23 21:00:02.102,60.0000,a4fca9a0-1a20-4f90-a768-d1ad7f83c6cf,ea547d83-4f9b-4dbf-ad4a-e83625a91483,addition,,,,,,,,,,,redeem_refund,
aa716077-3be0-447c-a267-81ca8632d4d8,2024-01-23 21:00:02.119,2024-01-23 21:00:02.119,30.0000,a4fca9a0-1a20-4f90-a768-d1ad7f83c6cf,d0e50722-8184-4399-b4d3-49b3cf60ef16,addition,,,,,,,,,,,redeem_refund,
cfb8d8da-3e34-40a1-b071-4278a7e7e59e,2024-01-23 21:00:02.127,2024-01-23 21:00:02.127,19.7870,a4fca9a0-1a20-4f90-a768-d1ad7f83c6cf,bf110220-2384-49bc-b09a-f40288bb0a50,addition,,,,,,,,,,,redeem_refund,
f23df057-a28e-40e4-8290-02557a869daa,2024-01-23 21:00:02.127,2024-01-23 21:00:02.127,40.2130,"631c704c-70ec-4f94-8f96-900ce048a53d",bf110220-2384-49bc-b09a-f40288bb0a50,addition,,,,,,,,,,,redeem_refund,
"4ca734f4-4ef2-4146-85a9-c5ec865dfde0",2024-02-13 02:51:40.690,2024-02-13 02:51:40.690,36.6660,"621ca0bd-2aa1-4022-b4dc-bcf65633d6cb","09263c70-b3af-4617-add3-5224dacbd856",subtraction,,,,"61ad14ea-1a5e-4135-84fd-e93b4d45bc50","63b4972a-67b2-482d-8d3e-d2d746f6a7c0",,,,,"5a4d5616-5022-4851-abc1-6aa808e15770",redeem,
f4904542-c3f7-45fe-996c-bcd23216b7a4,2024-02-13 02:51:40.690,2024-02-13 02:51:40.690,143.3340,eb753072-f2fb-4f5c-98a1-87d9e45bc88b,"09263c70-b3af-4617-add3-5224dacbd856",subtraction,,,,"61ad14ea-1a5e-4135-84fd-e93b4d45bc50","63b4972a-67b2-482d-8d3e-d2d746f6a7c0",,,,,"5a4d5616-5022-4851-abc1-6aa808e15770",redeem,
